Path,File
C:\Users\a.fadeev\.localprojects\how-to-learn-plus\blocks\animation\__rotation360\,animation__rotation360.css
C:\Users\a.fadeev\.localprojects\how-to-learn-plus\blocks\cards\__description\,cards__description.css
C:\Users\a.fadeev\.localprojects\how-to-learn-plus\blocks\cards\__image\,cards__image.css
C:\Users\a.fadeev\.localprojects\how-to-learn-plus\blocks\cards\__item\,cards__item.css
C:\Users\a.fadeev\.localprojects\how-to-learn-plus\blocks\cards\__title\,cards__title.css
C:\Users\a.fadeev\.localprojects\how-to-learn-plus\blocks\cards\,cards.css
C:\Users\a.fadeev\.localprojects\how-to-learn-plus\blocks\content\,content.css
C:\Users\a.fadeev\.localprojects\how-to-learn-plus\blocks\description\,description.css
C:\Users\a.fadeev\.localprojects\how-to-learn-plus\blocks\digits\,digits.css
C:\Users\a.fadeev\.localprojects\how-to-learn-plus\blocks\feynman\__link\,feynman__link.css
C:\Users\a.fadeev\.localprojects\how-to-learn-plus\blocks\feynman\__subtitle\,feynman__subtitle.css
C:\Users\a.fadeev\.localprojects\how-to-learn-plus\blocks\feynman\__title\,feynman__title.css
C:\Users\a.fadeev\.localprojects\how-to-learn-plus\blocks\feynman\,feynman.css
C:\Users\a.fadeev\.localprojects\how-to-learn-plus\blocks\footer\__author\,footer__author.css
C:\Users\a.fadeev\.localprojects\how-to-learn-plus\blocks\footer\__column\_content\,footer__column_content_copyright.css
C:\Users\a.fadeev\.localprojects\how-to-learn-plus\blocks\footer\__column\,footer__column.css
C:\Users\a.fadeev\.localprojects\how-to-learn-plus\blocks\footer\__column-heading\,footer__column-heading.css
C:\Users\a.fadeev\.localprojects\how-to-learn-plus\blocks\footer\__column-link\,footer__column-link.css
C:\Users\a.fadeev\.localprojects\how-to-learn-plus\blocks\footer\__column-links\,footer__column-links.css
C:\Users\a.fadeev\.localprojects\how-to-learn-plus\blocks\footer\__columns\,footer__columns.css
C:\Users\a.fadeev\.localprojects\how-to-learn-plus\blocks\footer\__social-icon\,footer__social-icon.css
C:\Users\a.fadeev\.localprojects\how-to-learn-plus\blocks\footer\,footer.css
C:\Users\a.fadeev\.localprojects\how-to-learn-plus\blocks\header\__link\,header__link.css
C:\Users\a.fadeev\.localprojects\how-to-learn-plus\blocks\header\__main-illustration\,header__main-illustration.css
C:\Users\a.fadeev\.localprojects\how-to-learn-plus\blocks\header\__square-pic\,header__square-pic.css
C:\Users\a.fadeev\.localprojects\how-to-learn-plus\blocks\header\__subtitle\,header__subtitle.css
C:\Users\a.fadeev\.localprojects\how-to-learn-plus\blocks\header\__title\,header__title.css
C:\Users\a.fadeev\.localprojects\how-to-learn-plus\blocks\header\,header.css
C:\Users\a.fadeev\.localprojects\how-to-learn-plus\blocks\kaufman\__triangle\,kaufman__triangle.css
C:\Users\a.fadeev\.localprojects\how-to-learn-plus\blocks\kaufman\,kaufman.css
C:\Users\a.fadeev\.localprojects\how-to-learn-plus\blocks\khan\__author\,khan__author.css
C:\Users\a.fadeev\.localprojects\how-to-learn-plus\blocks\khan\__book-container\,khan__book-container.css
C:\Users\a.fadeev\.localprojects\how-to-learn-plus\blocks\khan\__book-pic\,khan__book-pic.css
C:\Users\a.fadeev\.localprojects\how-to-learn-plus\blocks\khan\__buy-link\,khan__buy-link.css
C:\Users\a.fadeev\.localprojects\how-to-learn-plus\blocks\khan\__container\,khan__container.css
C:\Users\a.fadeev\.localprojects\how-to-learn-plus\blocks\khan\__quote\,khan__quote.css
C:\Users\a.fadeev\.localprojects\how-to-learn-plus\blocks\khan\__quote-author\,khan__quote-author.css
C:\Users\a.fadeev\.localprojects\how-to-learn-plus\blocks\khan\__quote-author-subline\,khan__quote-author-subline.css
C:\Users\a.fadeev\.localprojects\how-to-learn-plus\blocks\khan\__title\,khan__title.css
C:\Users\a.fadeev\.localprojects\how-to-learn-plus\blocks\khan\,khan.css
C:\Users\a.fadeev\.localprojects\how-to-learn-plus\blocks\logo\_place\,logo_place_footer.css
C:\Users\a.fadeev\.localprojects\how-to-learn-plus\blocks\logo\_place\,logo_place_header.css
C:\Users\a.fadeev\.localprojects\how-to-learn-plus\blocks\logo\,logo.css
C:\Users\a.fadeev\.localprojects\how-to-learn-plus\blocks\oakley\,oakley.css
C:\Users\a.fadeev\.localprojects\how-to-learn-plus\blocks\page\,page.css
C:\Users\a.fadeev\.localprojects\how-to-learn-plus\blocks\resources\__link\,resources__link.css
C:\Users\a.fadeev\.localprojects\how-to-learn-plus\blocks\resources\__logo\,resources__logo.css
C:\Users\a.fadeev\.localprojects\how-to-learn-plus\blocks\resources\__logo-zone\,resources__logo-zone.css
C:\Users\a.fadeev\.localprojects\how-to-learn-plus\blocks\resources\,resources.css
C:\Users\a.fadeev\.localprojects\how-to-learn-plus\blocks\section-subtitle\_theme\,section-subtitle_theme_dark.css
C:\Users\a.fadeev\.localprojects\how-to-learn-plus\blocks\section-subtitle\,section-subtitle.css
C:\Users\a.fadeev\.localprojects\how-to-learn-plus\blocks\section-title\_theme\,section-title_theme_dark.css
C:\Users\a.fadeev\.localprojects\how-to-learn-plus\blocks\section-title\,section-title.css
C:\Users\a.fadeev\.localprojects\how-to-learn-plus\blocks\table\__cell\_theme\,table__cell_theme_dark.css
C:\Users\a.fadeev\.localprojects\how-to-learn-plus\blocks\table\__cell\,table__cell.css
C:\Users\a.fadeev\.localprojects\how-to-learn-plus\blocks\table\__heading\_theme\,table__heading_theme_dark.css
C:\Users\a.fadeev\.localprojects\how-to-learn-plus\blocks\table\__heading\,table__heading.css
C:\Users\a.fadeev\.localprojects\how-to-learn-plus\blocks\table\__text\_theme\,table__text_theme_dark.css
C:\Users\a.fadeev\.localprojects\how-to-learn-plus\blocks\table\__text\,table__text.css
C:\Users\a.fadeev\.localprojects\how-to-learn-plus\blocks\table\_theme\,table_theme_dark.css
C:\Users\a.fadeev\.localprojects\how-to-learn-plus\blocks\table\,table.css
C:\Users\a.fadeev\.localprojects\how-to-learn-plus\blocks\techniques\,techniques.css
C:\Users\a.fadeev\.localprojects\how-to-learn-plus\blocks\two-columns\__brief\,two-columns__brief.css
C:\Users\a.fadeev\.localprojects\how-to-learn-plus\blocks\two-columns\__main-text\,two-columns__main-text.css
C:\Users\a.fadeev\.localprojects\how-to-learn-plus\blocks\two-columns\__paragraph\,two-columns__paragraph.css
C:\Users\a.fadeev\.localprojects\how-to-learn-plus\blocks\two-columns\__span-accent\,two-columns__span-accent.css
C:\Users\a.fadeev\.localprojects\how-to-learn-plus\blocks\two-columns\,two-columns.css
C:\Users\a.fadeev\.localprojects\how-to-learn-plus\blocks\video\__iframe\,video__iframe.css
C:\Users\a.fadeev\.localprojects\how-to-learn-plus\blocks\video\__iframes\,video__iframes.css
C:\Users\a.fadeev\.localprojects\how-to-learn-plus\blocks\video\,video.css
